artist info,https://pokemoncard.co.kr/cards/detail/BS2018003066
attack tool,https://pokemoncard.co.kr/cards/detail/BS2021012061
attack tool,https://pokemoncard.co.kr/cards/detail/BS2021012061
attack tool,https://pokemoncard.co.kr/cards/detail/BS2021011061
artist info,https://pokemoncard.co.kr/cards/detail/BS2021015025
artist info,https://pokemoncard.co.kr/cards/detail/BS2021015025
check pokemons,https://pokemoncard.co.kr/cards/detail/BS2026001001
check pokemons,https://pokemoncard.co.kr/cards/detail/BS2026001001
check pokemons,https://pokemoncard.co.kr/cards/detail/BS2026001002
check pokemons,https://pokemoncard.co.kr/cards/detail/BS2026001003
check pokemons,https://pokemoncard.co.kr/cards/detail/BS2026001006
check pokemons,https://pokemoncard.co.kr/cards/detail/BS2026001007
check pokemons,https://pokemoncard.co.kr/cards/detail/BS2026001008
check pokemons,https://pokemoncard.co.kr/cards/detail/BS2026001014
check pokemons,https://pokemoncard.co.kr/cards/detail/BS2026001018
check pokemons,https://pokemoncard.co.kr/cards/detail/BS2026001032
check pokemons,https://pokemoncard.co.kr/cards/detail/BS2026001033
check pokemons,https://pokemoncard.co.kr/cards/detail/BS2026001085
check pokemons,https://pokemoncard.co.kr/cards/detail/BS2026001113
check pokemons,https://pokemoncard.co.kr/cards/detail/BS2026001118
check pokemons,https://pokemoncard.co.kr/cards/detail/BS2026001119
check pokemons,https://pokemoncard.co.kr/cards/detail/BS2026001155
check pokemons,https://pokemoncard.co.kr/cards/detail/BS2026001156
check pokemons,https://pokemoncard.co.kr/cards/detail/BS2026001157
check pokemons,https://pokemoncard.co.kr/cards/detail/BS2026001158
check pokemons,https://pokemoncard.co.kr/cards/detail/BS2026001160
check pokemons,https://pokemoncard.co.kr/cards/detail/BS2026001169
check pokemons,https://pokemoncard.co.kr/cards/detail/BS2026001234
check pokemons,https://pokemoncard.co.kr/cards/detail/BS2026001235
check pokemons,https://pokemoncard.co.kr/cards/detail/BS2026001241
check pokemons,https://pokemoncard.co.kr/cards/detail/BS2026001273
check pokemons,https://pokemoncard.co.kr/cards/detail/BS2026001274
check pokemons,https://pokemoncard.co.kr/cards/detail/BS2026001278
check pokemons,https://pokemoncard.co.kr/cards/detail/BS2026001279
check pokemons,https://pokemoncard.co.kr/cards/detail/BS2026001287
check pokemons,https://pokemoncard.co.kr/cards/detail/BS2026001338
check pokemons,https://pokemoncard.co.kr/cards/detail/BS2026001339
check pokemons,https://pokemoncard.co.kr/cards/detail/BS2026001340
check pokemons,https://pokemoncard.co.kr/cards/detail/BS2026001376
check pokemons,https://pokemoncard.co.kr/cards/detail/BS2026001377
check pokemons,https://pokemoncard.co.kr/cards/detail/BS2026001378
check pokemons,https://pokemoncard.co.kr/cards/detail/BS2026001419
check pokemons,https://pokemoncard.co.kr/cards/detail/BS2026001420
check pokemons,https://pokemoncard.co.kr/cards/detail/BS2026001457
check pokemons,https://pokemoncard.co.kr/cards/detail/BS2026001458
check pokemons,https://pokemoncard.co.kr/cards/detail/BS2026001459
check pokemons,https://pokemoncard.co.kr/cards/detail/BS2026001463
check pokemons,https://pokemoncard.co.kr/cards/detail/BS2026001464
check pokemons,https://pokemoncard.co.kr/cards/detail/BS2026001469
check pokemons,https://pokemoncard.co.kr/cards/detail/BS2026001470
check pokemons,https://pokemoncard.co.kr/cards/detail/BS2026001483
check pokemons,https://pokemoncard.co.kr/cards/detail/BS2026001484
check pokemons,https://pokemoncard.co.kr/cards/detail/BS2026001494
check pokemons,https://pokemoncard.co.kr/cards/detail/BS2026001520
check pokemons,https://pokemoncard.co.kr/cards/detail/BS2026001527
check pokemons,https://pokemoncard.co.kr/cards/detail/BS2026001545
check pokemons,https://pokemoncard.co.kr/cards/detail/BS2026001569
check pokemons,https://pokemoncard.co.kr/cards/detail/BS2026001576
check pokemons,https://pokemoncard.co.kr/cards/detail/BS2026001577
check pokemons,https://pokemoncard.co.kr/cards/detail/BS2026001590
check pokemons,https://pokemoncard.co.kr/cards/detail/BS2026001591
check pokemons,https://pokemoncard.co.kr/cards/detail/BS2026001592
check pokemons,https://pokemoncard.co.kr/cards/detail/BS2026001602
check pokemons,https://pokemoncard.co.kr/cards/detail/BS2026001608
check pokemons,https://pokemoncard.co.kr/cards/detail/BS2026001609
check pokemons,https://pokemoncard.co.kr/cards/detail/BS2026001619
check pokemons,https://pokemoncard.co.kr/cards/detail/BS2026001622
check pokemons,https://pokemoncard.co.kr/cards/detail/BS2026001623
check pokemons,https://pokemoncard.co.kr/cards/detail/BS2026001624
